miss_distance_pp,miss_distance_pn
5.949750789718804,16.39134456703877
