method,miss_distance,time_to_intercept,energy
pp,5.923696219747203,3.5500000000000003,36.429591374573945
pn,15.265737160768026,,0.0
